date,temperature_2m,relative_humidity_2m,dew_point_2m,surface_pressure,wind_speed_10m,cloud_cover,shortwave_radiation
2024-12-11 00:00:00,11.5,51,1.8,991.9,7.1,0,0.0
2024-12-11 01:00:00,10.9,53,1.6,991.4,6.8,0,0.0
2024-12-11 02:00:00,10.4,53,1.1,991.1,7.5,0,0.0
2024-12-11 03:00:00,10.1,52,0.6,991.0,7.9,0,0.0
2024-12-11 04:00:00,9.8,51,0.2,990.9,8.0,0,0.0
2024-12-11 05:00:00,9.4,52,-0.1,991.2,8.5,0,0.0
2024-12-11 06:00:00,8.4,59,0.8,992.3,9.0,0,0.0
2024-12-11 07:00:00,8.2,61,1.1,992.9,9.0,0,6.0
2024-12-11 08:00:00,9.5,58,1.7,993.9,10.3,0,104.0
2024-12-11 09:00:00,11.8,52,2.3,994.5,7.6,0,270.0
2024-12-11 10:00:00,14.4,45,2.7,994.6,8.1,0,425.0
2024-12-11 11:00:00,16.9,39,2.8,993.8,9.2,0,535.0
2024-12-11 12:00:00,18.6,34,2.6,992.6,10.1,0,585.0
2024-12-11 13:00:00,19.7,31,2.3,991.5,10.0,0,568.0
2024-12-11 14:00:00,20.2,30,2.0,990.9,10.5,0,486.0
2024-12-11 15:00:00,20.0,31,2.3,990.4,10.5,0,350.0
2024-12-11 16:00:00,19.2,33,2.6,990.2,9.0,0,182.0
2024-12-11 17:00:00,16.9,41,3.5,990.2,5.9,0,37.0
2024-12-11 18:00:00,16.9,42,3.8,990.6,6.4,0,0.0
2024-12-11 19:00:00,15.9,46,4.1,990.8,6.5,0,0.0
2024-12-11 20:00:00,15.0,48,4.0,991.2,6.6,0,0.0
2024-12-11 21:00:00,14.2,50,3.9,991.5,6.4,0,0.0
2024-12-11 22:00:00,13.3,53,3.9,991.1,6.0,0,0.0
2024-12-11 23:00:00,12.5,56,3.9,990.9,5.8,0,0.0
2024-12-12 00:00:00,11.7,59,3.9,990.4,5.7,0,0.0
2024-12-12 01:00:00,10.8,63,4.0,989.8,5.4,0,0.0
2024-12-12 02:00:00,10.1,66,4.1,989.6,5.1,0,0.0
2024-12-12 03:00:00,9.6,68,4.1,989.3,5.2,0,0.0
2024-12-12 04:00:00,9.1,71,4.1,988.9,5.3,0,0.0
2024-12-12 05:00:00,8.8,72,4.1,989.0,5.6,0,0.0
2024-12-12 06:00:00,7.7,75,3.6,989.9,6.0,0,0.0
2024-12-12 07:00:00,8.0,74,3.6,990.4,6.8,0,5.0
2024-12-12 08:00:00,9.9,66,3.8,991.5,8.9,0,103.0
2024-12-12 09:00:00,12.5,57,4.1,992.2,5.6,0,269.0
2024-12-12 10:00:00,15.4,47,4.0,992.7,5.9,0,425.0
2024-12-12 11:00:00,17.9,39,3.7,992.2,7.8,0,534.0
2024-12-12 12:00:00,19.4,33,2.8,991.8,9.3,0,582.0
2024-12-12 13:00:00,20.2,31,2.6,990.9,9.7,0,564.0
2024-12-12 14:00:00,20.5,30,2.5,990.7,9.7,0,482.0
2024-12-12 15:00:00,20.2,31,2.7,990.7,9.7,0,346.0
2024-12-12 16:00:00,19.3,34,3.2,990.7,10.1,0,179.0
2024-12-12 17:00:00,17.8,39,3.8,990.9,7.2,0,36.0
2024-12-12 18:00:00,17.7,42,4.5,991.6,7.5,0,0.0
2024-12-12 19:00:00,16.7,47,5.2,992.3,7.9,0,0.0
2024-12-12 20:00:00,15.7,50,5.3,992.8,8.3,0,0.0
2024-12-12 21:00:00,15.0,52,5.1,992.9,8.5,0,0.0
2024-12-12 22:00:00,14.6,52,4.7,993.0,9.0,0,0.0
2024-12-12 23:00:00,13.8,53,4.5,992.8,8.7,0,0.0
2024-12-13 00:00:00,13.0,57,4.6,992.8,8.7,0,0.0
2024-12-13 01:00:00,12.5,59,4.7,992.8,8.9,8,0.0
2024-12-13 02:00:00,11.9,61,4.7,992.7,8.8,0,0.0
2024-12-13 03:00:00,11.3,63,4.6,992.3,9.0,0,0.0
2024-12-13 04:00:00,10.8,65,4.4,992.2,9.2,0,0.0
2024-12-13 05:00:00,10.4,65,4.0,992.2,10.0,0,0.0
2024-12-13 06:00:00,9.4,71,4.4,992.5,10.1,13,0.0
2024-12-13 07:00:00,9.2,70,4.1,993.3,10.3,0,5.0
2024-12-13 08:00:00,10.4,65,4.0,994.1,10.4,0,101.0
2024-12-13 09:00:00,12.5,55,3.8,994.7,9.7,0,267.0
2024-12-13 10:00:00,15.1,46,3.5,994.6,11.1,0,423.0
2024-12-13 11:00:00,17.5,38,3.2,993.7,13.0,0,536.0
2024-12-13 12:00:00,19.2,33,2.7,992.2,14.5,0,587.0
2024-12-13 13:00:00,20.3,29,1.7,991.1,15.1,0,572.0
2024-12-13 14:00:00,20.6,29,1.7,990.6,14.7,0,491.0
2024-12-13 15:00:00,20.2,30,1.9,990.3,14.7,0,354.0
2024-12-13 16:00:00,19.4,33,2.5,990.3,14.2,2,185.0
2024-12-13 17:00:00,17.8,39,3.6,990.7,11.8,9,38.0
2024-12-13 18:00:00,17.7,40,3.8,991.5,13.1,3,0.0
2024-12-13 19:00:00,16.9,39,2.9,992.0,13.8,0,0.0
2024-12-13 20:00:00,16.2,38,2.0,992.3,13.9,0,0.0
2024-12-13 21:00:00,15.4,39,1.4,992.7,14.0,0,0.0
2024-12-13 22:00:00,14.7,40,1.1,992.4,14.0,0,0.0
2024-12-13 23:00:00,14.0,41,1.0,992.2,13.1,0,0.0
2024-12-14 00:00:00,13.3,43,1.1,991.8,12.5,0,0.0
2024-12-14 01:00:00,12.6,45,1.1,991.7,11.8,0,0.0
2024-12-14 02:00:00,12.0,47,1.0,991.3,11.2,0,0.0
2024-12-14 03:00:00,11.4,48,0.8,990.9,10.9,0,0.0
2024-12-14 04:00:00,10.9,49,0.6,990.8,10.5,0,0.0
2024-12-14 05:00:00,10.5,50,0.5,991.0,10.1,0,0.0
2024-12-14 06:00:00,8.9,60,1.5,991.8,9.9,0,0.0
2024-12-14 07:00:00,8.6,61,1.5,992.8,10.6,0,5.0
2024-12-14 08:00:00,9.8,56,1.5,993.7,11.4,0,99.0
2024-12-14 09:00:00,11.9,49,1.7,995.0,10.7,0,265.0
2024-12-14 10:00:00,14.5,42,1.7,995.1,10.0,0,420.0
2024-12-14 11:00:00,17.0,35,1.6,994.3,9.0,0,530.0
2024-12-14 12:00:00,19.0,31,1.3,993.3,9.4,0,580.0
2024-12-14 13:00:00,20.2,29,1.4,992.4,10.4,0,564.0
2024-12-14 14:00:00,20.7,29,1.8,991.8,10.5,0,483.0
2024-12-14 15:00:00,20.5,30,2.1,991.6,10.4,0,349.0
2024-12-14 16:00:00,19.8,32,2.5,991.7,10.6,0,183.0
2024-12-14 17:00:00,18.0,38,3.4,991.8,8.1,0,38.0
2024-12-14 18:00:00,17.8,41,4.3,992.7,8.2,0,0.0
2024-12-14 19:00:00,16.7,44,4.4,992.9,7.6,0,0.0
2024-12-14 20:00:00,15.7,47,4.4,993.1,6.6,0,0.0
2024-12-14 21:00:00,14.9,49,4.4,993.3,6.3,0,0.0
2024-12-14 22:00:00,14.1,52,4.4,993.4,6.2,0,0.0
2024-12-14 23:00:00,13.4,54,4.3,992.7,6.5,0,0.0
2024-12-15 00:00:00,12.8,55,4.1,992.4,6.5,0,0.0
2024-12-15 01:00:00,12.0,57,3.7,992.1,6.3,0,0.0
2024-12-15 02:00:00,11.3,58,3.4,991.9,6.0,0,0.0
2024-12-15 03:00:00,10.6,60,3.1,991.9,6.2,0,0.0
2024-12-15 04:00:00,9.9,62,2.9,991.9,6.2,0,0.0
2024-12-15 05:00:00,9.3,64,2.8,992.3,5.9,0,0.0
2024-12-15 06:00:00,7.3,76,3.3,993.6,4.7,0,0.0
2024-12-15 07:00:00,7.3,76,3.3,994.5,4.3,0,4.0
2024-12-15 08:00:00,9.2,66,3.3,995.6,5.6,0,97.0
2024-12-15 09:00:00,12.0,55,3.3,997.0,3.8,0,261.0
2024-12-15 10:00:00,14.8,46,3.3,997.5,3.9,0,417.0
2024-12-15 11:00:00,17.3,38,2.9,996.7,3.4,0,529.0
2024-12-15 12:00:00,19.2,32,2.1,995.6,3.8,0,582.0
2024-12-15 13:00:00,20.5,28,1.3,994.3,3.6,0,568.0
2024-12-15 14:00:00,21.1,26,0.7,993.6,3.7,0,489.0
2024-12-15 15:00:00,21.0,26,0.8,993.1,4.1,0,354.0
2024-12-15 16:00:00,20.1,28,1.2,992.8,4.4,0,187.0
2024-12-15 17:00:00,17.5,38,3.1,992.7,3.9,0,39.0
2024-12-15 18:00:00,17.3,46,5.5,993.4,4.3,0,0.0
2024-12-15 19:00:00,16.2,52,6.3,993.6,3.3,0,0.0
2024-12-15 20:00:00,15.3,56,6.5,993.9,3.4,0,0.0
2024-12-15 21:00:00,14.4,60,6.7,993.9,2.8,0,0.0
2024-12-15 22:00:00,13.6,64,6.8,993.6,2.6,0,0.0
2024-12-15 23:00:00,12.8,67,6.9,993.0,2.7,0,0.0
2024-12-16 00:00:00,12.1,71,7.1,992.3,3.1,0,0.0
2024-12-16 01:00:00,11.4,76,7.2,991.8,3.1,0,0.0
2024-12-16 02:00:00,10.6,80,7.3,991.6,2.8,0,0.0
2024-12-16 03:00:00,9.6,84,7.1,991.5,3.3,0,0.0
2024-12-16 04:00:00,8.8,88,6.9,991.6,4.6,0,0.0
2024-12-16 05:00:00,8.2,90,6.6,991.6,4.5,0,0.0
2024-12-16 06:00:00,7.0,92,5.8,992.7,4.3,0,0.0
2024-12-16 07:00:00,7.0,92,5.8,993.5,4.9,0,4.0
2024-12-16 08:00:00,8.7,85,6.4,994.5,5.9,0,93.0
2024-12-16 09:00:00,11.4,74,7.0,995.6,3.4,2,243.0
2024-12-16 10:00:00,14.3,66,8.0,995.7,3.3,0,399.0
2024-12-16 11:00:00,16.8,57,8.4,994.9,4.4,0,529.0
2024-12-16 12:00:00,18.7,48,7.5,993.6,3.9,0,575.0
2024-12-16 13:00:00,20.1,42,6.7,992.2,3.6,0,561.0
2024-12-16 14:00:00,20.9,38,6.2,991.2,3.2,0,483.0
2024-12-16 15:00:00,21.0,38,6.1,990.8,3.4,0,351.0
2024-12-16 16:00:00,20.3,41,6.6,990.3,3.5,0,186.0
2024-12-16 17:00:00,17.9,52,7.8,990.2,2.6,0,39.0
2024-12-16 18:00:00,17.5,56,8.7,990.5,3.7,0,0.0
2024-12-16 19:00:00,16.8,61,9.2,990.8,2.8,0,0.0
2024-12-16 20:00:00,16.2,64,9.5,990.9,2.3,0,0.0
2024-12-16 21:00:00,15.9,67,9.7,991.1,1.6,0,0.0
2024-12-16 22:00:00,15.2,71,9.9,991.0,0.9,0,0.0
2024-12-16 23:00:00,14.0,76,9.9,990.7,1.7,0,0.0
2024-12-17 00:00:00,12.7,83,9.8,990.2,3.0,0,0.0
2024-12-17 01:00:00,11.5,90,9.9,989.9,2.4,0,0.0
2024-12-17 02:00:00,10.4,96,9.7,989.5,2.4,3,0.0
2024-12-17 03:00:00,9.4,100,9.4,989.0,2.9,100,0.0
2024-12-17 04:00:00,9.0,100,8.9,988.7,2.4,100,0.0
2024-12-17 05:00:00,9.0,99,8.9,989.0,3.2,100,0.0
2024-12-17 06:00:00,8.0,99,7.8,990.1,2.8,100,0.0
2024-12-17 07:00:00,7.7,98,7.4,990.8,2.9,100,3.0
2024-12-17 08:00:00,9.1,96,8.4,991.8,2.3,100,64.0
2024-12-17 09:00:00,11.1,92,9.9,993.0,1.9,97,157.0
2024-12-17 10:00:00,13.7,80,10.3,993.7,0.7,9,280.0
2024-12-17 11:00:00,16.6,67,10.4,993.1,1.4,0,430.0
2024-12-17 12:00:00,18.9,54,9.4,991.9,2.3,0,570.0
2024-12-17 13:00:00,20.1,48,8.6,990.9,3.0,0,556.0
2024-12-17 14:00:00,20.6,44,8.0,990.4,3.5,0,480.0
2024-12-17 15:00:00,20.5,43,7.7,990.1,4.1,0,349.0
2024-12-17 16:00:00,19.9,44,7.3,990.0,4.4,0,185.0
2024-12-17 17:00:00,17.7,52,7.6,989.9,4.1,0,39.0
2024-12-17 18:00:00,18.1,55,8.9,990.3,2.3,0,0.0
2024-12-17 19:00:00,16.8,62,9.5,990.8,3.3,0,0.0
2024-12-17 20:00:00,16.1,66,9.8,991.1,2.6,0,0.0
2024-12-17 21:00:00,15.5,68,9.6,991.2,2.7,0,0.0
2024-12-17 22:00:00,14.7,69,9.0,991.3,3.5,0,0.0
2024-12-17 23:00:00,13.8,71,8.6,991.2,3.5,0,0.0
2024-12-18 00:00:00,12.8,77,8.8,991.0,3.2,0,0.0
2024-12-18 01:00:00,11.8,82,8.8,990.6,3.0,0,0.0
2024-12-18 02:00:00,10.8,87,8.6,990.3,4.2,0,0.0
2024-12-18 03:00:00,10.1,89,8.4,989.8,4.5,0,0.0
2024-12-18 04:00:00,9.6,91,8.2,989.8,4.7,0,0.0
2024-12-18 05:00:00,9.2,92,8.0,989.9,4.9,0,0.0
2024-12-18 06:00:00,8.0,98,7.6,991.2,5.7,60,0.0
2024-12-18 07:00:00,7.6,99,7.5,991.6,5.7,100,3.0
2024-12-18 08:00:00,8.1,96,7.5,992.4,4.9,100,73.0
2024-12-18 09:00:00,10.1,86,7.9,993.4,4.0,19,208.0
2024-12-18 10:00:00,13.4,70,8.0,993.1,3.2,1,368.0
2024-12-18 11:00:00,17.0,56,8.1,991.9,2.9,0,521.0
2024-12-18 12:00:00,19.1,45,7.0,990.5,2.4,0,577.0
2024-12-18 13:00:00,20.4,38,5.7,989.6,1.8,0,565.0
2024-12-18 14:00:00,20.9,35,4.9,989.0,2.3,0,486.0
2024-12-18 15:00:00,20.8,36,5.3,988.8,4.8,0,353.0
2024-12-18 16:00:00,19.7,42,6.4,988.6,7.2,0,188.0
2024-12-18 17:00:00,17.7,50,7.1,988.7,6.0,0,41.0
2024-12-18 18:00:00,17.5,52,7.7,988.9,5.0,0,0.0
2024-12-18 19:00:00,16.2,59,8.2,989.1,3.9,0,0.0
2024-12-18 20:00:00,15.3,64,8.5,989.3,3.8,0,0.0
2024-12-18 21:00:00,14.5,68,8.6,989.5,4.2,0,0.0
2024-12-18 22:00:00,13.5,72,8.6,989.4,4.2,0,0.0
2024-12-18 23:00:00,12.4,76,8.4,989.3,4.0,0,0.0
2024-12-19 00:00:00,11.5,79,8.0,988.9,3.6,0,0.0
2024-12-19 01:00:00,10.7,82,7.7,989.0,3.1,0,0.0
2024-12-19 02:00:00,10.0,85,7.6,988.6,3.4,0,0.0
2024-12-19 03:00:00,9.5,87,7.4,988.5,2.5,0,0.0
2024-12-19 04:00:00,9.1,87,7.1,988.6,1.7,0,0.0
2024-12-19 05:00:00,9.1,86,6.9,989.1,1.3,0,0.0
2024-12-19 06:00:00,8.0,88,6.2,990.3,0.9,0,0.0
2024-12-19 07:00:00,8.0,89,6.3,991.1,2.3,0,3.0
2024-12-19 08:00:00,10.3,80,7.0,992.1,6.0,0,88.0
2024-12-19 09:00:00,13.5,67,7.4,993.3,4.3,0,251.0
2024-12-19 10:00:00,16.3,56,7.6,993.5,6.0,0,408.0
2024-12-19 11:00:00,18.1,47,6.5,992.9,8.2,0,517.0
2024-12-19 12:00:00,19.5,38,4.9,992.0,8.3,0,566.0
2024-12-19 13:00:00,20.4,34,3.9,991.2,7.9,0,552.0
2024-12-19 14:00:00,20.8,33,3.8,990.2,7.1,0,475.0
2024-12-19 15:00:00,20.8,33,3.9,989.6,6.4,0,345.0
2024-12-19 16:00:00,20.1,35,4.4,989.1,6.1,0,183.0
2024-12-19 17:00:00,18.2,43,5.3,989.0,4.5,0,40.0
2024-12-19 18:00:00,17.6,48,6.6,989.4,4.7,0,0.0
2024-12-19 19:00:00,16.6,54,7.3,989.7,4.4,0,0.0
2024-12-19 20:00:00,16.2,57,7.7,989.9,3.5,0,0.0
2024-12-19 21:00:00,15.6,60,7.7,990.4,3.2,0,0.0
2024-12-19 22:00:00,14.8,64,8.0,990.5,3.3,0,0.0
2024-12-19 23:00:00,14.0,69,8.3,990.4,3.6,0,0.0
2024-12-20 00:00:00,13.1,73,8.4,990.2,4.3,0,0.0
2024-12-20 01:00:00,12.3,77,8.3,989.9,4.5,0,0.0
2024-12-20 02:00:00,11.8,79,8.3,989.8,4.0,0,0.0
2024-12-20 03:00:00,11.5,81,8.3,989.4,3.5,0,0.0
2024-12-20 04:00:00,11.2,82,8.2,989.3,2.9,0,0.0
2024-12-20 05:00:00,10.9,83,8.1,989.5,3.3,5,0.0
2024-12-20 06:00:00,10.5,87,8.3,990.5,2.7,6,0.0
2024-12-20 07:00:00,10.2,88,8.3,991.0,3.3,7,3.0
2024-12-20 08:00:00,12.1,79,8.6,991.8,4.8,2,84.0
2024-12-20 09:00:00,14.9,66,8.6,992.7,2.6,2,239.0
2024-12-20 10:00:00,17.8,55,8.6,992.9,2.9,0,389.0
2024-12-20 11:00:00,20.0,46,7.9,992.2,2.8,0,500.0
2024-12-20 12:00:00,21.6,38,6.7,991.0,3.1,0,554.0
2024-12-20 13:00:00,22.6,33,5.3,989.9,3.4,0,543.0
2024-12-20 14:00:00,23.2,29,4.4,989.2,3.8,0,469.0
2024-12-20 15:00:00,23.2,29,4.1,988.5,4.8,0,341.0
2024-12-20 16:00:00,22.3,32,4.9,988.2,6.5,0,182.0
2024-12-20 17:00:00,20.0,42,6.8,988.3,4.8,0,40.0
2024-12-20 18:00:00,19.2,49,8.3,989.0,5.2,0,0.0
2024-12-20 19:00:00,18.3,57,9.6,989.3,5.7,0,0.0
2024-12-20 20:00:00,17.2,66,10.8,989.6,5.5,0,0.0
2024-12-20 21:00:00,16.2,71,11.0,989.9,5.0,0,0.0
2024-12-20 22:00:00,15.4,74,10.8,989.9,4.9,0,0.0
2024-12-20 23:00:00,14.5,78,10.6,989.6,5.0,0,0.0
2024-12-21 00:00:00,13.5,82,10.4,989.4,5.0,0,0.0
2024-12-21 01:00:00,12.7,85,10.2,989.2,4.8,0,0.0
2024-12-21 02:00:00,12.1,86,9.8,989.3,5.0,0,0.0
2024-12-21 03:00:00,11.5,86,9.3,989.1,5.0,0,0.0
2024-12-21 04:00:00,11.0,86,8.8,989.2,4.8,0,0.0
2024-12-21 05:00:00,10.6,86,8.4,989.2,4.6,0,0.0
2024-12-21 06:00:00,9.3,92,8.0,989.9,3.6,0,0.0
2024-12-21 07:00:00,9.2,92,8.0,990.6,4.1,0,3.0
2024-12-21 08:00:00,10.6,86,8.4,991.8,6.8,0,83.0
2024-12-21 09:00:00,13.3,73,8.6,992.7,4.8,0,243.0
2024-12-21 10:00:00,16.1,61,8.5,992.8,4.4,0,396.0
2024-12-21 11:00:00,18.7,49,7.7,992.2,4.3,0,508.0
2024-12-21 12:00:00,20.8,39,6.3,991.2,5.0,0,562.0
2024-12-21 13:00:00,21.8,34,5.2,990.6,5.9,0,551.0
2024-12-21 14:00:00,22.1,33,5.2,990.1,6.8,0,476.0
2024-12-21 15:00:00,21.8,35,5.7,989.8,7.3,0,347.0
2024-12-21 16:00:00,20.9,39,6.3,989.6,6.9,0,186.0
2024-12-21 17:00:00,18.5,51,8.2,989.6,4.5,0,42.0
2024-12-21 18:00:00,18.5,48,7.4,990.4,4.5,0,0.0
2024-12-21 19:00:00,17.5,53,7.9,990.7,4.4,0,0.0
2024-12-21 20:00:00,16.6,58,8.2,991.2,4.9,1,0.0
2024-12-21 21:00:00,15.6,63,8.5,991.7,4.2,10,0.0
2024-12-21 22:00:00,14.9,65,8.5,991.6,3.1,42,0.0
2024-12-21 23:00:00,14.2,69,8.5,991.2,3.4,29,0.0
2024-12-22 00:00:00,13.5,71,8.4,990.7,2.9,99,0.0
2024-12-22 01:00:00,13.1,73,8.3,990.1,2.1,97,0.0
2024-12-22 02:00:00,13.0,73,8.2,989.8,0.8,100,0.0
2024-12-22 03:00:00,13.1,71,8.0,989.6,0.6,100,0.0
2024-12-22 04:00:00,12.6,74,8.2,989.2,2.1,100,0.0
2024-12-22 05:00:00,12.1,77,8.2,989.3,2.4,97,0.0
2024-12-22 06:00:00,10.6,83,7.8,990.0,2.8,95,0.0
2024-12-22 07:00:00,10.5,83,7.7,990.6,1.5,31,2.0
2024-12-22 08:00:00,12.1,75,7.8,991.6,1.5,14,84.0
2024-12-22 09:00:00,15.2,62,7.9,992.5,1.9,9,244.0
2024-12-22 10:00:00,18.1,49,7.2,992.9,1.9,0,397.0
2024-12-22 11:00:00,20.1,42,6.8,992.5,2.3,0,510.0
2024-12-22 12:00:00,21.4,38,6.6,991.4,3.1,0,564.0
2024-12-22 13:00:00,22.2,35,5.9,990.6,3.7,0,553.0
2024-12-22 14:00:00,22.5,34,5.6,989.9,4.8,0,477.0
2024-12-22 15:00:00,22.2,35,5.9,989.3,6.1,0,348.0
2024-12-22 16:00:00,21.4,37,6.2,989.0,7.2,0,187.0
2024-12-22 17:00:00,19.8,43,7.0,988.8,6.2,0,43.0
2024-12-22 18:00:00,19.0,50,8.2,989.3,4.9,0,0.0
2024-12-22 19:00:00,17.5,58,9.2,989.7,3.9,0,0.0
2024-12-22 20:00:00,16.7,62,9.3,990.3,2.5,0,0.0
2024-12-22 21:00:00,15.5,66,9.2,990.7,4.4,0,0.0
2024-12-22 22:00:00,14.8,68,9.1,990.8,4.9,0,0.0
2024-12-22 23:00:00,14.3,70,8.9,990.2,5.5,0,0.0
2024-12-23 00:00:00,14.0,69,8.4,989.4,8.4,3,0.0
2024-12-23 01:00:00,13.4,69,7.9,988.9,6.9,7,0.0
2024-12-23 02:00:00,12.9,70,7.5,988.6,7.4,1,0.0
2024-12-23 03:00:00,12.4,71,7.3,988.1,8.4,1,0.0
2024-12-23 04:00:00,12.0,72,7.1,988.1,7.6,7,0.0
2024-12-23 05:00:00,11.6,73,7.0,988.5,5.6,100,0.0
2024-12-23 06:00:00,12.8,72,7.9,989.5,5.6,70,0.0
2024-12-23 07:00:00,12.1,75,7.9,990.5,3.1,62,2.0
2024-12-23 08:00:00,13.0,71,8.0,991.9,4.8,65,57.0
2024-12-23 09:00:00,14.3,68,8.4,992.9,4.8,95,149.0
2024-12-23 10:00:00,15.3,65,8.6,993.6,5.3,99,203.0
2024-12-23 11:00:00,15.5,67,9.3,992.9,7.3,87,157.0
2024-12-23 12:00:00,16.9,61,9.3,991.8,8.6,89,330.0
2024-12-23 13:00:00,17.6,57,8.9,990.9,8.8,100,313.0
2024-12-23 14:00:00,16.9,60,9.1,990.6,9.6,100,139.0
2024-12-23 15:00:00,16.3,63,9.3,989.9,10.1,81,93.0
2024-12-23 16:00:00,16.6,64,9.8,989.7,8.7,78,85.0
2024-12-23 17:00:00,16.4,65,9.7,989.6,6.9,100,25.0
2024-12-23 18:00:00,16.3,66,10.0,990.0,7.0,39,0.0
2024-12-23 19:00:00,15.6,69,9.9,990.6,5.2,62,0.0
2024-12-23 20:00:00,15.1,70,9.6,990.9,6.0,50,0.0
2024-12-23 21:00:00,14.5,70,9.2,991.1,6.9,23,0.0
2024-12-23 22:00:00,13.5,76,9.3,991.2,4.5,11,0.0
2024-12-23 23:00:00,12.8,80,9.4,990.9,4.0,20,0.0
2024-12-24 00:00:00,12.3,83,9.5,990.7,4.3,26,0.0
2024-12-24 01:00:00,11.8,86,9.6,990.5,4.1,88,0.0
2024-12-24 02:00:00,12.1,85,9.6,990.4,3.6,96,0.0
2024-12-24 03:00:00,12.3,82,9.3,990.3,4.3,98,0.0
2024-12-24 04:00:00,12.1,82,9.2,990.1,5.2,84,0.0
2024-12-24 05:00:00,11.4,86,9.1,990.9,8.0,98,0.0
2024-12-24 06:00:00,11.9,85,9.5,991.3,6.1,63,0.0
2024-12-24 07:00:00,11.9,84,9.3,992.2,7.5,94,2.0
2024-12-24 08:00:00,12.7,83,9.9,992.5,8.9,82,46.0
2024-12-24 09:00:00,13.8,78,9.9,993.4,6.7,60,147.0
2024-12-24 10:00:00,15.3,71,10.0,993.7,6.7,32,268.0
2024-12-24 11:00:00,17.1,64,10.2,993.2,4.5,34,409.0
2024-12-24 12:00:00,18.2,58,9.8,992.2,6.4,28,436.0
2024-12-24 13:00:00,18.2,59,10.0,991.3,6.9,28,374.0
2024-12-24 14:00:00,18.7,58,10.2,990.9,5.9,43,362.0
2024-12-24 15:00:00,18.3,61,10.6,990.6,4.6,25,244.0
2024-12-24 16:00:00,18.2,62,10.7,990.7,4.4,36,153.0
2024-12-24 17:00:00,16.9,72,11.8,990.9,3.7,17,37.0
2024-12-24 18:00:00,15.9,80,12.5,991.2,5.8,27,0.0
2024-12-24 19:00:00,15.6,80,12.2,992.1,2.7,46,0.0
2024-12-24 20:00:00,15.3,82,12.2,992.7,4.9,32,0.0
2024-12-24 21:00:00,14.8,84,12.1,993.2,3.8,32,0.0
2024-12-24 22:00:00,14.2,86,11.9,993.4,4.1,13,0.0
2024-12-24 23:00:00,13.7,87,11.5,993.4,5.4,1,0.0
2024-12-25 00:00:00,13.0,91,11.5,993.1,5.8,3,0.0
2024-12-25 01:00:00,12.4,93,11.4,992.8,4.9,3,0.0
2024-12-25 02:00:00,12.1,94,11.1,992.5,4.9,0,0.0
2024-12-25 03:00:00,11.7,95,10.8,992.4,4.9,0,0.0
2024-12-25 04:00:00,11.2,95,10.4,991.9,4.8,0,0.0
2024-12-25 05:00:00,10.8,94,10.0,992.1,3.9,0,0.0
2024-12-25 06:00:00,10.8,96,10.2,992.6,3.7,19,0.0
2024-12-25 07:00:00,10.9,96,10.3,993.3,4.8,38,2.0
2024-12-25 08:00:00,11.8,93,10.6,993.8,6.8,38,71.0
2024-12-25 09:00:00,13.6,85,11.0,994.8,5.2,25,206.0
2024-12-25 10:00:00,16.1,73,11.4,995.4,4.7,1,373.0
2024-12-25 11:00:00,18.0,63,10.9,994.9,5.7,0,492.0
2024-12-25 12:00:00,19.3,56,10.2,994.1,5.5,0,546.0
2024-12-25 13:00:00,20.2,51,9.8,993.3,6.1,0,538.0
2024-12-25 14:00:00,20.6,49,9.6,992.8,6.9,0,466.0
2024-12-25 15:00:00,20.6,49,9.5,992.6,7.5,0,342.0
2024-12-25 16:00:00,20.0,51,9.6,992.6,7.6,0,186.0
2024-12-25 17:00:00,18.0,64,11.2,992.7,4.2,0,45.0
2024-12-25 18:00:00,17.1,73,12.2,993.3,4.3,0,0.0
2024-12-25 19:00:00,16.3,76,12.0,993.9,4.1,0,0.0
2024-12-25 20:00:00,15.6,78,11.7,994.5,4.0,0,0.0
2024-12-25 21:00:00,14.8,80,11.4,995.0,4.5,0,0.0
2024-12-25 22:00:00,14.0,83,11.2,995.2,4.6,0,0.0
2024-12-25 23:00:00,13.3,85,10.8,994.9,4.7,0,0.0
2024-12-26 00:00:00,12.7,86,10.5,994.6,4.8,0,0.0
2024-12-26 01:00:00,12.0,88,10.1,994.2,4.6,0,0.0
2024-12-26 02:00:00,11.5,89,9.7,994.0,4.4,0,0.0
2024-12-26 03:00:00,10.9,90,9.4,994.0,4.3,0,0.0
2024-12-26 04:00:00,10.5,91,9.1,993.9,4.3,0,0.0
2024-12-26 05:00:00,10.1,92,8.9,994.3,4.1,0,0.0
2024-12-26 06:00:00,9.9,92,8.7,995.2,3.8,0,0.0
2024-12-26 07:00:00,9.9,92,8.6,995.9,3.0,0,2.0
2024-12-26 08:00:00,11.6,86,9.4,996.7,4.0,0,79.0
2024-12-26 09:00:00,14.0,77,10.1,997.6,1.8,0,235.0
2024-12-26 10:00:00,16.8,67,10.6,998.0,2.2,0,389.0
2024-12-26 11:00:00,19.4,56,10.3,997.4,2.4,0,503.0
2024-12-26 12:00:00,21.2,46,9.1,996.5,2.4,0,556.0
2024-12-26 13:00:00,22.2,41,8.1,995.6,1.9,0,544.0
2024-12-26 14:00:00,22.6,39,8.0,994.8,2.2,0,471.0
2024-12-26 15:00:00,22.5,40,8.2,994.5,2.3,2,344.0
2024-12-26 16:00:00,21.9,42,8.5,994.1,3.6,2,187.0
2024-12-26 17:00:00,20.0,57,11.2,994.1,1.6,0,45.0
2024-12-26 18:00:00,19.5,51,9.1,994.7,2.7,14,0.0
2024-12-26 19:00:00,18.6,54,9.1,995.1,3.1,33,0.0
2024-12-26 20:00:00,18.0,56,9.2,995.3,2.9,89,0.0
2024-12-26 21:00:00,17.4,60,9.6,995.4,2.3,100,0.0
2024-12-26 22:00:00,16.9,64,10.0,995.1,3.3,98,0.0
2024-12-26 23:00:00,16.5,67,10.4,994.5,2.7,93,0.0
2024-12-27 00:00:00,15.7,72,10.6,994.0,4.4,79,0.0
2024-12-27 01:00:00,15.7,71,10.4,993.6,4.4,75,0.0
2024-12-27 02:00:00,15.3,71,10.1,993.5,1.6,97,0.0
2024-12-27 03:00:00,15.6,70,10.1,993.8,0.4,88,0.0
2024-12-27 04:00:00,15.1,72,10.0,993.3,1.2,71,0.0
2024-12-27 05:00:00,14.9,73,10.0,993.0,8.2,75,0.0
2024-12-27 06:00:00,14.4,84,11.7,993.0,7.2,100,0.0
2024-12-27 07:00:00,14.4,85,11.9,993.6,9.0,100,1.0
2024-12-27 08:00:00,14.9,83,12.0,994.8,4.9,100,30.0
2024-12-27 09:00:00,15.0,85,12.5,995.4,10.8,100,81.0
2024-12-27 10:00:00,15.5,86,13.1,995.7,6.0,98,107.0
2024-12-27 11:00:00,16.6,84,13.8,995.3,7.8,96,213.0
2024-12-27 12:00:00,17.1,81,13.8,994.1,10.8,99,229.0
2024-12-27 13:00:00,16.8,81,13.5,993.5,9.6,100,210.0
2024-12-27 14:00:00,16.3,85,13.9,992.8,8.0,100,134.0
2024-12-27 15:00:00,15.6,92,14.3,992.7,7.3,100,93.0
2024-12-27 16:00:00,15.0,90,13.4,992.6,10.4,100,39.0
2024-12-27 17:00:00,14.3,94,13.3,992.3,10.3,100,15.0
2024-12-27 18:00:00,14.3,96,13.6,993.1,9.6,100,0.0
2024-12-27 19:00:00,14.4,95,13.6,993.2,10.3,98,0.0
2024-12-27 20:00:00,14.4,95,13.6,993.8,9.6,85,0.0
2024-12-27 21:00:00,14.4,93,13.3,993.6,10.8,69,0.0
2024-12-27 22:00:00,14.2,93,13.1,993.7,11.3,25,0.0
2024-12-27 23:00:00,13.8,93,12.8,993.7,9.2,27,0.0
2024-12-28 00:00:00,13.6,93,12.5,992.7,7.8,38,0.0
2024-12-28 01:00:00,13.2,93,12.1,992.6,4.7,89,0.0
2024-12-28 02:00:00,13.6,91,12.2,991.9,3.8,49,0.0
2024-12-28 03:00:00,13.0,94,12.0,991.3,6.0,41,0.0
2024-12-28 04:00:00,12.8,94,11.8,990.8,7.8,21,0.0
2024-12-28 05:00:00,12.3,94,11.3,991.0,4.4,51,0.0
2024-12-28 06:00:00,13.0,95,12.2,992.2,3.8,100,0.0
2024-12-28 07:00:00,13.8,93,12.8,992.9,3.3,100,1.0
2024-12-28 08:00:00,14.7,90,13.1,993.8,5.9,72,56.0
2024-12-28 09:00:00,15.1,91,13.6,994.9,4.3,100,82.0
2024-12-28 10:00:00,16.3,87,14.1,995.2,4.8,100,239.0
2024-12-28 11:00:00,17.3,83,14.3,994.8,6.9,100,307.0
2024-12-28 12:00:00,17.5,82,14.3,993.8,7.2,100,223.0
2024-12-28 13:00:00,17.4,82,14.2,993.0,7.6,100,151.0
2024-12-28 14:00:00,17.9,79,14.2,992.4,6.5,100,227.0
2024-12-28 15:00:00,18.1,77,14.0,992.2,5.4,70,192.0
2024-12-28 16:00:00,17.8,78,13.9,992.2,4.7,43,133.0
2024-12-28 17:00:00,16.6,85,14.1,992.5,3.6,39,38.0
2024-12-28 18:00:00,15.8,91,14.3,993.8,6.2,43,0.0
2024-12-28 19:00:00,15.4,92,14.1,994.3,4.4,69,0.0
2024-12-28 20:00:00,14.7,93,13.7,994.7,4.8,27,0.0
2024-12-28 21:00:00,13.3,95,12.5,995.2,4.7,36,0.0
2024-12-28 22:00:00,12.8,96,12.2,995.4,5.0,3,0.0
2024-12-28 23:00:00,12.9,96,12.2,995.2,6.4,1,0.0
2024-12-29 00:00:00,12.5,96,11.8,994.7,6.9,0,0.0
2024-12-29 01:00:00,12.0,96,11.3,994.4,7.5,5,0.0
2024-12-29 02:00:00,11.6,96,11.0,994.1,8.0,5,0.0
2024-12-29 03:00:00,11.3,96,10.6,993.9,8.2,2,0.0
2024-12-29 04:00:00,10.9,96,10.3,994.0,8.8,6,0.0
2024-12-29 05:00:00,10.6,97,10.1,994.2,9.2,3,0.0
2024-12-29 06:00:00,12.5,98,12.1,995.3,9.4,100,0.0
2024-12-29 07:00:00,12.5,97,12.0,996.0,8.4,62,1.0
2024-12-29 08:00:00,12.8,94,11.8,996.6,8.7,98,54.0
2024-12-29 09:00:00,13.4,91,12.0,997.2,8.8,36,152.0
2024-12-29 10:00:00,14.7,84,12.1,997.3,6.9,15,291.0
2024-12-29 11:00:00,16.0,78,12.2,996.6,6.8,20,456.0
2024-12-29 12:00:00,17.0,74,12.3,995.6,7.5,15,539.0
2024-12-29 13:00:00,17.8,70,12.3,994.6,8.5,7,542.0
2024-12-29 14:00:00,18.3,66,11.8,994.1,9.2,1,480.0
2024-12-29 15:00:00,18.2,64,11.2,993.8,9.6,0,356.0
2024-12-29 16:00:00,17.5,67,11.4,993.6,7.7,0,198.0
2024-12-29 17:00:00,15.8,75,11.4,993.5,5.8,0,50.0
2024-12-29 18:00:00,13.9,83,11.2,994.9,7.7,0,0.0
2024-12-29 19:00:00,13.2,86,10.9,995.2,7.5,0,0.0
2024-12-29 20:00:00,12.5,88,10.7,995.3,7.6,0,0.0
2024-12-29 21:00:00,11.9,90,10.3,995.4,8.2,0,0.0
2024-12-29 22:00:00,11.5,91,10.0,995.5,8.2,0,0.0
2024-12-29 23:00:00,11.1,92,9.8,995.0,8.2,0,0.0
2024-12-30 00:00:00,10.8,93,9.7,994.5,8.6,0,0.0
2024-12-30 01:00:00,10.6,94,9.6,994.0,8.8,0,0.0
2024-12-30 02:00:00,10.4,94,9.6,993.7,9.4,0,0.0
2024-12-30 03:00:00,10.1,95,9.4,993.0,9.1,0,0.0
2024-12-30 04:00:00,9.9,96,9.3,992.7,9.0,0,0.0
2024-12-30 05:00:00,9.6,96,9.1,992.5,9.0,0,0.0
2024-12-30 06:00:00,10.9,99,10.8,993.8,11.0,100,0.0
2024-12-30 07:00:00,11.0,99,10.8,994.6,9.7,100,1.0
2024-12-30 08:00:00,11.2,98,10.9,995.2,9.3,100,37.0
2024-12-30 09:00:00,12.1,93,11.0,995.8,9.5,100,126.0
2024-12-30 10:00:00,13.3,87,11.1,996.2,9.8,66,261.0
2024-12-30 11:00:00,14.9,79,11.3,995.7,7.9,12,420.0
2024-12-30 12:00:00,16.2,75,11.8,994.4,7.5,5,555.0
2024-12-30 13:00:00,17.3,71,12.1,993.6,7.8,0,557.0
2024-12-30 14:00:00,17.9,70,12.3,993.0,7.8,0,488.0
2024-12-30 15:00:00,18.1,68,12.2,992.9,8.1,0,362.0
2024-12-30 16:00:00,17.6,71,12.4,993.0,6.7,0,201.0
2024-12-30 17:00:00,15.9,79,12.3,992.9,5.6,0,52.0
2024-12-30 18:00:00,12.6,86,10.3,994.4,4.3,0,0.0
2024-12-30 19:00:00,12.0,87,9.9,994.6,4.7,0,0.0
2024-12-30 20:00:00,11.5,88,9.5,995.0,4.7,0,0.0
2024-12-30 21:00:00,10.9,90,9.3,994.8,4.7,0,0.0
2024-12-30 22:00:00,10.2,92,9.0,995.0,4.7,0,0.0
2024-12-30 23:00:00,9.6,94,8.7,994.8,4.7,0,0.0
2024-12-31 00:00:00,9.2,96,8.5,994.4,4.5,0,0.0
2024-12-31 01:00:00,8.7,97,8.2,993.9,4.5,0,0.0
2024-12-31 02:00:00,8.5,99,8.3,994.1,5.1,2,0.0
2024-12-31 03:00:00,8.4,98,8.2,994.2,5.1,8,0.0
2024-12-31 04:00:00,8.4,97,7.9,994.0,4.6,13,0.0
2024-12-31 05:00:00,7.5,97,7.1,994.0,4.8,17,0.0
2024-12-31 06:00:00,9.7,97,9.3,995.4,3.0,100,0.0
2024-12-31 07:00:00,9.8,97,9.3,996.2,2.5,100,1.0
2024-12-31 08:00:00,9.9,98,9.6,997.2,3.4,100,37.0
2024-12-31 09:00:00,10.3,98,10.1,997.9,3.4,100,131.0
2024-12-31 10:00:00,11.9,90,10.3,998.2,3.1,100,241.0
2024-12-31 11:00:00,13.3,83,10.5,997.4,2.5,69,348.0
2024-12-31 12:00:00,14.7,78,10.8,996.3,3.0,54,498.0
2024-12-31 13:00:00,15.5,74,10.8,995.0,3.9,44,497.0
2024-12-31 14:00:00,16.0,69,10.3,994.2,4.1,21,471.0
2024-12-31 15:00:00,16.1,69,10.4,993.6,4.2,10,357.0
2024-12-31 16:00:00,15.7,72,10.6,993.5,3.9,9,204.0
2024-12-31 17:00:00,14.0,81,10.8,993.6,2.9,2,53.0
2024-12-31 18:00:00,12.1,85,9.7,995.2,2.5,28,0.0
2024-12-31 19:00:00,11.5,87,9.4,995.1,2.4,88,0.0
2024-12-31 20:00:00,11.0,89,9.3,995.6,2.7,48,0.0
2024-12-31 21:00:00,10.4,91,9.0,995.8,2.7,27,0.0
2024-12-31 22:00:00,9.9,93,8.8,995.7,3.0,22,0.0
2024-12-31 23:00:00,9.2,96,8.6,995.2,2.7,31,0.0
