seed,method,eval_domain,MSE,MAE,MASE,key_RMSE,key_MAE,feat_mmd
-1,seasonal_naive,source,0.45246952772140503,0.40683713555336,1.0196218490600586,2.2405776977539062,1.7159851789474487,
-1,seasonal_naive,target,0.2246200144290924,0.30205038189888,1.0246586799621582,4.769885540008545,3.5202701091766357,
0,source_only,source,0.3707704246044159,0.41684550046920776,1.0462865829467773,1.9208111763000488,1.4724072217941284,0.22487759590148926
0,source_only,target,0.16914629936218262,0.2790072560310364,0.9485151767730713,4.6086201667785645,3.5620172023773193,0.22487759590148926
0,dann,source,0.42243820428848267,0.4505768120288849,1.1375471353530884,2.0655648708343506,1.573874831199646,1.9131999015808105
0,dann,target,0.23114074766635895,0.3331565856933594,1.1315704584121704,6.042739391326904,4.804931163787842,1.9131999015808105
0,coral,source,0.41997677087783813,0.4458393156528473,1.1233211755752563,2.0657033920288086,1.5734666585922241,0.09166193008422852
0,coral,target,0.18569737672805786,0.29248178005218506,0.9935870170593262,5.132391929626465,3.9785876274108887,0.09166193008422852
0,mmd,source,0.3519371449947357,0.40333542227745056,1.0128644704818726,1.895512580871582,1.442750096321106,0.040845394134521484
0,mmd,target,0.16216827929019928,0.27034544944763184,0.9168025851249695,4.305412769317627,3.286130666732788,0.040845394134521484
0,care,source,0.3552616536617279,0.40549200773239136,1.0176573991775513,1.8993606567382812,1.4562104940414429,0.038282155990600586
0,care,target,0.16319109499454498,0.2725060284137726,0.9246774911880493,4.442069053649902,3.4049813747406006,0.038282155990600586
0,care_noalign,source,0.3658178746700287,0.4147792160511017,1.0409612655639648,1.9113078117370605,1.4638030529022217,0.5600674152374268
0,care_noalign,target,0.17183583974838257,0.28122472763061523,0.9559844136238098,4.59564208984375,3.5344512462615967,0.5600674152374268
0,care_nossl,source,0.3512812554836273,0.39909231662750244,0.9996544718742371,1.897727608680725,1.4603725671768188,0.06448054313659668
0,care_nossl,target,0.15968087315559387,0.2679072320461273,0.908018171787262,4.273740768432617,3.2409257888793945,0.06448054313659668
0,care_noanchor,source,0.3699290156364441,0.4171355068683624,1.0502244234085083,1.9188467264175415,1.4616059064865112,0.04140472412109375
0,care_noanchor,target,0.16915665566921234,0.27869492769241333,0.9454101324081421,4.625312328338623,3.5836925506591797,0.04140472412109375
0,oracle_finetune,source,0.3946434557437897,0.43260449171066284,1.0834938287734985,1.8823491334915161,1.436937928199768,0.08911538124084473
0,oracle_finetune,target,0.1682000458240509,0.2712748348712921,0.9172071814537048,4.215688705444336,3.1386375427246094,0.08911538124084473
0,target_only,source,0.4799799919128418,0.486419141292572,1.2177059650421143,2.164607524871826,1.67331063747406,0.10991549491882324
0,target_only,target,0.17149245738983154,0.27682527899742126,0.9372263550758362,4.445253849029541,3.3075270652770996,0.10991549491882324
1,source_only,source,0.3785995543003082,0.42253538966178894,1.0613560676574707,1.9137530326843262,1.4633195400238037,0.21426057815551758
1,source_only,target,0.1728529930114746,0.2814103364944458,0.9553841948509216,4.655350208282471,3.6010327339172363,0.21426057815551758
1,dann,source,0.43177396059036255,0.4527585208415985,1.1398555040359497,1.9854614734649658,1.5299372673034668,1.8617315292358398
1,dann,target,0.22655373811721802,0.32575127482414246,1.0996506214141846,5.610386848449707,4.363062858581543,1.8617315292358398
1,coral,source,0.4210549294948578,0.44370579719543457,1.1184556484222412,2.018878936767578,1.5370444059371948,0.10299134254455566
1,coral,target,0.19750188291072845,0.3014551103115082,1.0220297574996948,5.126277446746826,3.971343517303467,0.10299134254455566
1,mmd,source,0.36803531646728516,0.412687748670578,1.0377943515777588,1.9306561946868896,1.4709172248840332,0.03402352333068848
1,mmd,target,0.1643277406692505,0.27476534247398376,0.9332969784736633,4.545359134674072,3.474896192550659,0.03402352333068848
1,care,source,0.3647991418838501,0.4118485748767853,1.0339105129241943,1.9060395956039429,1.4611449241638184,0.03809809684753418
1,care,target,0.16676053404808044,0.27575045824050903,0.9352037906646729,4.533684253692627,3.4829533100128174,0.03809809684753418
1,care_noalign,source,0.3735002875328064,0.41875579953193665,1.052042007446289,1.8999422788619995,1.4521398544311523,0.53212571144104
1,care_noalign,target,0.18084517121315002,0.28964346647262573,0.9839144349098206,4.823062896728516,3.74115252494812,0.53212571144104
1,care_nossl,source,0.3553076684474945,0.4034458100795746,1.0115275382995605,1.8961617946624756,1.4538131952285767,0.06511330604553223
1,care_nossl,target,0.15942196547985077,0.26821762323379517,0.9094465970993042,4.3227386474609375,3.280078411102295,0.06511330604553223
1,care_noanchor,source,0.37546318769454956,0.4206508696079254,1.0588481426239014,1.9223334789276123,1.4679023027420044,0.046256065368652344
1,care_noanchor,target,0.17178045213222504,0.2807675302028656,0.9515116810798645,4.688069820404053,3.6159114837646484,0.046256065368652344
1,oracle_finetune,source,0.38357043266296387,0.42489662766456604,1.066203236579895,1.8999377489089966,1.4473804235458374,0.1196279525756836
1,oracle_finetune,target,0.16853928565979004,0.27268579602241516,0.9243976473808289,4.326738357543945,3.237954616546631,0.1196279525756836
1,target_only,source,0.5034070014953613,0.4963546395301819,1.243672490119934,2.176846981048584,1.6860376596450806,0.12291431427001953
1,target_only,target,0.1791953593492508,0.28374987840652466,0.9612521529197693,4.556244373321533,3.4427993297576904,0.12291431427001953
2,source_only,source,0.38661766052246094,0.4284682273864746,1.0772958993911743,1.9442424774169922,1.4760409593582153,0.1109018325805664
2,source_only,target,0.17636914551258087,0.2853012681007385,0.9691286087036133,4.698567867279053,3.6359784603118896,0.1109018325805664
2,dann,source,0.42514514923095703,0.44956478476524353,1.1313170194625854,2.024862289428711,1.5216494798660278,0.5680820941925049
2,dann,target,0.19374816119670868,0.3009120523929596,1.020121455192566,5.293359279632568,4.111954689025879,0.5680820941925049
2,coral,source,0.4374677538871765,0.4549456834793091,1.1470417976379395,2.065246820449829,1.5529453754425049,0.06154942512512207
2,coral,target,0.19428813457489014,0.29970476031303406,1.0171934366226196,5.438891410827637,4.19651460647583,0.06154942512512207
2,mmd,source,0.382632315158844,0.42178598046302795,1.0605868101119995,1.9427142143249512,1.4645589590072632,0.045073509216308594
2,mmd,target,0.16914041340351105,0.27807044982910156,0.9429135322570801,4.613382816314697,3.5534934997558594,0.045073509216308594
2,care,source,0.37551411986351013,0.4200335443019867,1.0562080144882202,1.928982138633728,1.4544005393981934,0.03690981864929199
2,care,target,0.17129018902778625,0.28096067905426025,0.9527512192726135,4.598038196563721,3.5437302589416504,0.03690981864929199
2,care_noalign,source,0.3873341977596283,0.42852240800857544,1.0774928331375122,1.9315766096115112,1.4537965059280396,0.40741872787475586
2,care_noalign,target,0.18893177807331085,0.2987026572227478,1.017103910446167,4.936244487762451,3.830522298812866,0.40741872787475586
2,care_nossl,source,0.3653630316257477,0.4123736023902893,1.0354151725769043,1.9165425300598145,1.4581400156021118,0.06602597236633301
2,care_nossl,target,0.16595979034900665,0.27522802352905273,0.9331101179122925,4.459078311920166,3.42751145362854,0.06602597236633301
2,care_noanchor,source,0.393189400434494,0.4306415021419525,1.0861613750457764,1.936102032661438,1.4550068378448486,0.04886174201965332
2,care_noanchor,target,0.1768772155046463,0.2852094769477844,0.9655715227127075,4.772365093231201,3.6915552616119385,0.04886174201965332
2,oracle_finetune,source,0.4270276427268982,0.4528198838233948,1.1352646350860596,1.899404764175415,1.4507718086242676,0.15929746627807617
2,oracle_finetune,target,0.16609734296798706,0.26955482363700867,0.9123026728630066,4.246065616607666,3.1233603954315186,0.15929746627807617
2,target_only,source,0.5086131691932678,0.4999621510505676,1.2511080503463745,2.241001605987549,1.7482099533081055,0.172715425491333
2,target_only,target,0.18137428164482117,0.2869682013988495,0.9723747968673706,4.615001678466797,3.5216147899627686,0.172715425491333
